{
  "assetsByChunkName": {
    "vendors~app-account~app-checkout~app-confirmation~app-order": "chunk.b25756e1288548a9a538.js",
    "vendors~app-account~app-confirmation~app-order": "chunk.4127e708d12984b09343.js",
    "vendors~app-account~app-checkout": "chunk.f9b416c8aeba43bf0686.js",
    "vendors~app-cart~app-checkout": "chunk.fbd757dc4917d16a0e38.js",
    "admin": [
      "admin.8d83c26b9edef6dbb132.js",
      "admin.8d83c26b9edef6dbb132.js.map"
    ],
    "app-account": "chunk.c3d0e22d0427d43f2c97.js",
    "app-checkout": "chunk.0895a1cfb203a8f679fa.js",
    "app-confirmation": "chunk.b01adfe5537000b26a16.js",
    "app-order": "chunk.e6ac2a0512af26de6af6.js",
    "checkout": [
      "checkout.1f281a896a8cee512fcb.js",
      "checkout.1f281a896a8cee512fcb.js.map"
    ],
    "storefront": [
      "storefront.7e034d8766cbf3305d96.css",
      "storefront.51fcaea1f8d27fe6e85d.js",
      "storefront.7e034d8766cbf3305d96.css.map",
      "storefront.51fcaea1f8d27fe6e85d.js.map"
    ],
    "vendors~app-cart": "chunk.aa5885d71b5dd234f002.js"
  }
}